,CVE_ENT,ENTIDAD,CODIGO,Unidades_Económicas,Margen por Negocio
0,04,Campeche,21,17,29770.23805882353
1,27,Tabasco,21,37,5000.6247297297305
2,19,Nuevo León,22,15,2251.0340666666666
3,09,Distrito Federal,55,160,2024.3756625
4,28,Tamaulipas,21,17,1880.0658235294118
5,09,Distrito Federal,22,60,1704.7563333333337
6,30,Veracruz de Ignacio de la Llave,21,60,704.9793999999999
7,21,Puebla,55,3,568.2616666666667
8,26,Sonora,21,145,501.56422068965514
9,07,Chiapas,21,35,433.36408571428564
10,19,Nuevo León,55,72,336.607875
11,01,Aguascalientes,21,19,278.9678947368421
12,22,Querétaro,55,8,207.54787499999998
13,32,Zacatecas,21,106,151.79256603773587
14,23,Quintana Roo,21,5,149.87760000000003
15,26,Sonora,55,4,127.83475000000001
16,26,Sonora,22,77,120.95459740259741
17,10,Durango,55,5,117.5866
18,11,Guanajuato,22,52,114.71486538461536
19,25,Sinaloa,55,11,113.98499999999999
20,10,Durango,21,142,113.30734507042256
21,09,Distrito Federal,51,1168,112.5812029109589
22,15,México,55,19,109.86768421052633
23,14,Jalisco,55,21,103.03880952380953
24,30,Veracruz de Ignacio de la Llave,22,215,100.5007348837209
25,08,Chihuahua,55,11,92.65518181818183
26,03,Baja California Sur,22,5,91.49260000000004
27,08,Chihuahua,21,88,83.8750568181818
28,05,Coahuila de Zaragoza,55,8,79.785625
29,03,Baja California Sur,21,34,77.32194117647056
30,05,Coahuila de Zaragoza,21,180,62.69531111111108
31,10,Durango,22,48,59.74152083333331
32,28,Tamaulipas,22,49,57.553775510204076
33,22,Querétaro,22,36,56.22480555555555
34,09,Distrito Federal,48-49,1934,55.66800258531542
35,24,San Luis Potosí,21,139,54.50898561151078
36,05,Coahuila de Zaragoza,22,45,49.04322222222221
37,25,Sinaloa,22,18,48.83172222222222
38,23,Quintana Roo,22,12,47.46899999999998
39,14,Jalisco,22,125,45.039160000000095
40,30,Veracruz de Ignacio de la Llave,55,8,43.887625
41,11,Guanajuato,55,5,41.28939999999999
42,31,Yucatán,22,112,37.08126785714285
43,04,Campeche,48-49,183,31.00912021857923
44,05,Coahuila de Zaragoza,31-33,9436,30.823499682068686
45,19,Nuevo León,51,351,26.48781766381768
46,27,Tabasco,48-49,406,25.636499999999998
47,19,Nuevo León,31-33,14001,25.238534533247645
48,19,Nuevo León,48-49,1356,23.625745575221238
49,09,Distrito Federal,23,1864,23.457656652360512
50,30,Veracruz de Ignacio de la Llave,48-49,1132,22.94067844522968
51,15,México,48-49,1444,22.63053324099723
52,08,Chihuahua,22,88,22.10554545454546
53,06,Colima,21,44,22.066045454545446
54,28,Tamaulipas,51,221,20.778927601809958
55,14,Jalisco,51,542,19.783704797047974
56,11,Guanajuato,21,64,19.4263125
57,12,Guerrero,21,307,19.175100977198696
58,25,Sinaloa,21,63,19.17206349206349
59,14,Jalisco,21,76,18.500460526315788
60,02,Baja California,31-33,8114,18.31285025881193
61,19,Nuevo León,21,42,18.119595238095236
62,09,Distrito Federal,56,8071,18.089680956510968
63,24,San Luis Potosí,31-33,9962,17.83552379040353
64,01,Aguascalientes,31-33,5588,17.36573335719398
65,08,Chihuahua,31-33,8671,17.313987198708336
66,22,Querétaro,31-33,7649,17.257217414041044
67,11,Guanajuato,48-49,800,16.659142499999994
68,24,San Luis Potosí,55,3,16.614000000000004
69,02,Baja California,51,219,16.55747031963471
70,19,Nuevo León,56,2862,16.290895527603077
71,22,Querétaro,48-49,447,15.658778523489932
72,19,Nuevo León,23,1188,15.34298569023569
73,14,Jalisco,48-49,1441,13.630230395558637
74,05,Coahuila de Zaragoza,56,1445,13.62809411764706
75,28,Tamaulipas,31-33,8844,13.46553720036183
76,02,Baja California,21,35,13.28611428571428
77,24,San Luis Potosí,48-49,421,13.15593111638955
78,08,Chihuahua,23,675,13.014081481481483
79,15,México,22,182,12.408620879120885
80,22,Querétaro,56,1589,12.383135305223412
81,13,Hidalgo,21,131,12.299190839694656
82,22,Querétaro,23,469,11.5895842217484
83,06,Colima,48-49,557,11.398836624775582
84,01,Aguascalientes,48-49,260,11.38448076923077
85,23,Quintana Roo,56,1334,11.29545652173913
86,26,Sonora,31-33,11745,11.10062103022563
87,08,Chihuahua,51,242,11.066363636363635
88,26,Sonora,56,1233,10.970877534468773
89,25,Sinaloa,48-49,531,10.7903879472693
90,08,Chihuahua,11,68,10.658426470588244
91,15,México,21,114,10.625105263157895
92,17,Morelos,48-49,247,10.515522267206478
93,28,Tamaulipas,48-49,1621,10.334119062307222
94,05,Coahuila de Zaragoza,23,711,10.165400843881859
95,23,Quintana Roo,23,220,10.121018181818183
96,24,San Luis Potosí,52,515,10.09637281553398
97,24,San Luis Potosí,22,89,10.019662921348313
98,23,Quintana Roo,48-49,236,9.854533898305087
99,09,Distrito Federal,43,16235,9.824794148444724
100,23,Quintana Roo,51,144,9.712305555555558
101,03,Baja California Sur,56,508,9.642937007874014
102,05,Coahuila de Zaragoza,48-49,749,9.50847930574099
103,14,Jalisco,23,1517,9.401637442320368
104,19,Nuevo León,43,7620,9.350408661417326
105,03,Baja California Sur,23,328,9.341036585365853
106,25,Sinaloa,23,725,9.308148965517242
107,08,Chihuahua,48-49,752,9.14867154255319
108,27,Tabasco,23,313,8.977006389776363
109,26,Sonora,23,807,8.823033457249075
110,31,Yucatán,48-49,377,8.809655172413793
111,04,Campeche,51,106,8.790330188679246
112,06,Colima,43,1071,8.72479551820728
113,22,Querétaro,21,205,8.692463414634148
114,26,Sonora,48-49,738,8.654998644986453
115,13,Hidalgo,48-49,333,8.427963963963963
116,30,Veracruz de Ignacio de la Llave,23,770,8.415624675324674
117,23,Quintana Roo,71,827,8.404825876662635
118,11,Guanajuato,31-33,31508,8.303347530785828
119,02,Baja California,43,3652,8.247893209200438
120,28,Tamaulipas,43,2924,8.104880984952125
121,11,Guanajuato,23,897,8.067376811594212
122,02,Baja California,23,656,8.029217987804877
123,08,Chihuahua,56,1347,7.957584261321456
124,10,Durango,48-49,300,7.847466666666669
125,27,Tabasco,51,154,7.8227012987013
126,16,Michoacán de Ocampo,48-49,687,7.803828238719063
127,17,Morelos,23,206,7.725912621359223
128,24,San Luis Potosí,23,504,7.690065476190476
129,04,Campeche,23,238,7.532016806722684
130,19,Nuevo León,61,2421,7.434186699710863
131,21,Puebla,48-49,1010,7.420209900990099
132,25,Sinaloa,43,4144,7.151116312741319
133,15,México,51,752,7.080646276595747
134,31,Yucatán,23,609,7.043037766830871
135,02,Baja California,56,1820,6.989746703296703
136,31,Yucatán,43,3127,6.931441637352094
137,15,México,23,1226,6.90959787928222
138,26,Sonora,43,4034,6.881806891422908
139,14,Jalisco,43,13983,6.871302867768005
140,14,Jalisco,56,4843,6.856851744786289
141,29,Tlaxcala,48-49,151,6.838331125827814
142,26,Sonora,51,250,6.810659999999999
143,16,Michoacán de Ocampo,22,155,6.809767741935486
144,13,Hidalgo,23,350,6.727382857142855
145,25,Sinaloa,51,182,6.703428571428576
146,02,Baja California,48-49,1048,6.631970419847329
147,10,Durango,56,784,6.438498724489795
148,14,Jalisco,31-33,35702,6.400737689765283
149,08,Chihuahua,43,4101,6.379229456230185
150,22,Querétaro,43,3530,6.372035977337113
151,05,Coahuila de Zaragoza,43,3415,6.323178038067351
152,03,Baja California Sur,43,983,6.310385554425231
153,03,Baja California Sur,51,64,6.2855468750000005
154,15,México,31-33,61840,6.272529285252263
155,16,Michoacán de Ocampo,51,360,6.229619444444445
156,05,Coahuila de Zaragoza,51,242,6.209384297520661
157,28,Tamaulipas,23,707,6.14400424328147
158,09,Distrito Federal,53,5679,6.119858425779189
159,10,Durango,23,336,6.105205357142857
160,22,Querétaro,51,174,6.044068965517241
161,25,Sinaloa,56,1333,5.9762198049512385
162,32,Zacatecas,51,115,5.972869565217392
163,01,Aguascalientes,23,408,5.944607843137259
164,17,Morelos,22,140,5.851428571428572
165,09,Distrito Federal,54,13497,5.706100318589315
166,31,Yucatán,21,49,5.6799387755102035
167,23,Quintana Roo,43,1564,5.602056265984661
168,01,Aguascalientes,43,2162,5.591109620721554
169,10,Durango,43,1872,5.589787927350429
170,31,Yucatán,51,210,5.5685714285714285
171,16,Michoacán de Ocampo,23,560,5.548305357142857
172,28,Tamaulipas,56,1297,5.462132613723979
173,10,Durango,31-33,5464,5.437561310395315
174,30,Veracruz de Ignacio de la Llave,43,7375,5.436097627118645
175,21,Puebla,23,851,5.26771562867215
176,09,Distrito Federal,31-33,32384,5.255711585968379
177,04,Campeche,56,628,5.234232484076433
178,17,Morelos,51,159,5.180672955974839
179,11,Guanajuato,56,3674,5.180358464888405
180,12,Guerrero,53,1085,5.1246599078341015
181,24,San Luis Potosí,51,187,5.080994652406417
182,01,Aguascalientes,56,1039,4.977353224254092
183,24,San Luis Potosí,43,3617,4.968997511750068
184,06,Colima,23,288,4.892798611111113
185,26,Sonora,11,1060,4.865463207547169
186,01,Aguascalientes,51,85,4.860529411764706
187,27,Tabasco,55,3,4.794
188,24,San Luis Potosí,56,1660,4.726057831325302
189,17,Morelos,31-33,9976,4.676581395348837
190,15,México,43,17839,4.5179557150064475
191,11,Guanajuato,51,358,4.4598184357541895
192,32,Zacatecas,31-33,6063,4.455720270493158
193,13,Hidalgo,22,84,4.441535714285714
194,30,Veracruz de Ignacio de la Llave,51,529,4.3860453686200405
195,27,Tabasco,43,2030,4.321504433497536
196,07,Chiapas,23,586,4.315843003412969
197,11,Guanajuato,43,9826,4.303676674129861
198,09,Distrito Federal,61,6386,4.285335577826495
199,32,Zacatecas,43,1949,4.2720277065161625
200,13,Hidalgo,43,3547,4.219268113899066
201,12,Guerrero,23,232,4.209556034482761
202,07,Chiapas,22,136,4.122411764705882
203,32,Zacatecas,22,60,4.098816666666666
204,18,Nayarit,52,341,4.098718475073313
205,18,Nayarit,56,680,4.089413235294117
206,23,Quintana Roo,53,1283,3.9609384255650824
207,22,Querétaro,61,1271,3.941453973249409
208,03,Baja California Sur,48-49,357,3.9081736694677875
209,23,Quintana Roo,72,9870,3.9016299898682867
210,32,Zacatecas,48-49,218,3.8901376146788964
211,16,Michoacán de Ocampo,43,7032,3.851423208191127
212,32,Zacatecas,23,283,3.842212014134276
213,10,Durango,51,107,3.706728971962618
214,12,Guerrero,48-49,494,3.6472712550607285
215,04,Campeche,43,1071,3.609181139122313
216,19,Nuevo León,53,3104,3.5962793170103096
217,17,Morelos,43,2725,3.595301651376147
218,20,Oaxaca,43,4299,3.571255640846706
219,19,Nuevo León,54,4668,3.5286323907455013
220,31,Yucatán,56,1432,3.5071571229050273
221,21,Puebla,51,439,3.497492027334852
222,29,Tlaxcala,22,61,3.43455737704918
223,19,Nuevo León,71,1681,3.4213503866745985
224,06,Colima,56,523,3.395432122370937
225,12,Guerrero,43,3071,3.269918267665256
226,13,Hidalgo,31-33,14856,3.2634894991922465
227,14,Jalisco,52,1969,3.2331645505332656
228,22,Querétaro,52,614,3.228872964169379
229,21,Puebla,43,8714,3.2177384668349784
230,09,Distrito Federal,71,4366,3.2151252863032527
231,06,Colima,51,91,3.1872307692307693
232,20,Oaxaca,48-49,775,3.1650722580645168
233,21,Puebla,31-33,50091,3.1615481224171997
234,18,Nayarit,43,1358,3.0818210603829126
235,07,Chiapas,43,4821,3.0665776809790515
236,02,Baja California,11,390,3.0657461538461543
237,14,Jalisco,61,3766,3.0249867233138605
238,20,Oaxaca,22,614,3.0188257328990225
239,12,Guerrero,51,201,2.9797761194029855
240,20,Oaxaca,23,552,2.9667626811594205
241,18,Nayarit,48-49,211,2.934924170616112
242,04,Campeche,53,452,2.8343185840707967
243,28,Tamaulipas,55,3,2.8276666666666666
244,18,Nayarit,23,294,2.7865408163265304
245,21,Puebla,56,4583,2.7119681431376828
246,15,México,56,11730,2.7096909633418584
247,17,Morelos,56,1356,2.6850530973451336
248,29,Tlaxcala,52,178,2.6611853932584264
249,30,Veracruz de Ignacio de la Llave,31-33,29114,2.6575520024730395
250,29,Tlaxcala,31-33,11671,2.652408876702938
251,05,Coahuila de Zaragoza,61,1339,2.594657953696788
252,28,Tamaulipas,61,1513,2.571129543952413
253,07,Chiapas,48-49,1029,2.5230097181729825
254,30,Veracruz de Ignacio de la Llave,56,4029,2.470391412261107
255,21,Puebla,22,295,2.440674576271187
256,23,Quintana Roo,61,682,2.4075000000000015
257,25,Sinaloa,61,1029,2.399517006802721
258,01,Aguascalientes,61,631,2.360882725832014
259,10,Durango,52,355,2.3494422535211275
260,02,Baja California,71,1101,2.342703905540418
261,13,Hidalgo,51,240,2.3189208333333338
262,21,Puebla,61,3178,2.31121900566394
263,07,Chiapas,52,890,2.276371910112361
264,02,Baja California,61,1644,2.2673467153284674
265,03,Baja California Sur,53,854,2.238776346604216
266,05,Coahuila de Zaragoza,11,74,2.2369324324324324
267,26,Sonora,61,1190,2.228319327731093
268,16,Michoacán de Ocampo,56,2894,2.18267795438839
269,04,Campeche,54,734,2.180623978201635
270,22,Querétaro,54,2337,2.179477535301669
271,11,Guanajuato,61,2345,2.1595624733475485
272,23,Quintana Roo,54,1332,2.1422717717717714
273,03,Baja California Sur,72,4805,2.1133502601456815
274,07,Chiapas,55,4,2.103249999999999
275,08,Chihuahua,61,1254,2.083329346092504
276,24,San Luis Potosí,61,1148,2.076581881533101
277,20,Oaxaca,52,904,2.071920353982301
278,27,Tabasco,61,601,2.0625690515806987
279,11,Guanajuato,52,1351,2.058729089563287
280,18,Nayarit,51,86,2.0427558139534883
281,12,Guerrero,22,89,2.0253370786516847
282,02,Baja California,53,2268,2.0209400352733686
283,15,México,61,7851,1.9999079098204051
284,30,Veracruz de Ignacio de la Llave,52,1479,1.9957822853279246
285,01,Aguascalientes,52,307,1.9938208469055372
286,25,Sinaloa,31-33,11111,1.9934617046170464
287,07,Chiapas,51,385,1.9532909090909083
288,12,Guerrero,52,472,1.882328389830509
289,06,Colima,31-33,2969,1.832533176153587
290,32,Zacatecas,52,255,1.822168627450981
291,32,Zacatecas,56,749,1.8206875834445924
292,14,Jalisco,54,7533,1.813042214257268
293,03,Baja California Sur,71,433,1.8088290993071587
294,17,Morelos,61,1251,1.780002398081535
295,15,México,52,1672,1.7792452153110045
296,16,Michoacán de Ocampo,52,981,1.7289531090723744
297,31,Yucatán,61,1399,1.7267962830593282
298,06,Colima,52,210,1.6830190476190463
299,14,Jalisco,53,5007,1.6740896744557618
300,08,Chihuahua,52,1006,1.6647743538767394
301,10,Durango,61,458,1.6539759825327514
302,11,Guanajuato,11,102,1.647696078431372
303,27,Tabasco,52,447,1.6327829977628636
304,19,Nuevo León,11,40,1.6302250000000003
305,29,Tlaxcala,43,1854,1.610351132686084
306,27,Tabasco,56,1249,1.5838334667734189
307,21,Puebla,52,1128,1.5826267730496455
308,19,Nuevo León,46,57193,1.573232738272166
309,20,Oaxaca,51,376,1.5693218085106382
310,07,Chiapas,61,1314,1.5687968036529678
311,22,Querétaro,53,1396,1.5476747851002868
312,25,Sinaloa,54,2487,1.5438576598311218
313,29,Tlaxcala,56,1068,1.5180056179775283
314,29,Tlaxcala,23,131,1.4979999999999989
315,26,Sonora,52,1152,1.4942074652777775
316,13,Hidalgo,61,1211,1.482109826589596
317,25,Sinaloa,52,1061,1.473452403393025
318,02,Baja California,52,1265,1.4611193675889318
319,29,Tlaxcala,51,89,1.4588426966292136
320,25,Sinaloa,11,2321,1.4524661783713917
321,27,Tabasco,53,946,1.4413393234672305
322,06,Colima,61,359,1.428476323119777
323,16,Michoacán de Ocampo,61,1979,1.414580090955028
324,03,Baja California Sur,11,735,1.4054326530612242
325,05,Coahuila de Zaragoza,54,2608,1.3845023006134969
326,13,Hidalgo,52,542,1.382885608856089
327,08,Chihuahua,54,2703,1.3521291157972624
328,25,Sinaloa,53,2017,1.337266732771442
329,02,Baja California,54,3657,1.3352201257861633
330,23,Quintana Roo,46,22828,1.3156609865077975
331,30,Veracruz de Ignacio de la Llave,61,2963,1.3054640566992912
332,08,Chihuahua,53,1692,1.2983599290780137
333,03,Baja California Sur,52,207,1.294140096618357
334,01,Aguascalientes,54,1555,1.2938977491961414
335,05,Coahuila de Zaragoza,52,871,1.289915040183697
336,24,San Luis Potosí,54,2191,1.2803783660429027
337,03,Baja California Sur,61,407,1.2445454545454542
338,23,Quintana Roo,52,460,1.2436978260869567
339,14,Jalisco,71,3869,1.2367730679762208
340,03,Baja California Sur,46,10820,1.229437800369686
341,31,Yucatán,54,2145,1.2234554778554778
342,23,Quintana Roo,11,132,1.2169924242424242
343,26,Sonora,54,2937,1.2090769492679603
344,12,Guerrero,61,763,1.195017038007864
345,01,Aguascalientes,53,1091,1.1816076993583868
346,32,Zacatecas,61,432,1.1811527777777777
347,27,Tabasco,54,1457,1.159272477693892
348,02,Baja California,46,39800,1.1540367587939704
349,01,Aguascalientes,71,546,1.1487545787545788
350,03,Baja California Sur,31-33,2681,1.142328608728086
351,19,Nuevo León,62,7466,1.1306005893383337
352,23,Quintana Roo,31-33,3200,1.1233462499999995
353,13,Hidalgo,56,2137,1.1222643893308377
354,04,Campeche,61,397,1.1185743073047858
355,22,Querétaro,11,52,1.1159807692307693
356,14,Jalisco,11,453,1.103699779249448
357,17,Morelos,21,22,1.102
358,18,Nayarit,61,530,1.0975679245283019
359,06,Colima,54,778,1.0853419023136248
360,26,Sonora,53,2117,1.0838790741615496
361,12,Guerrero,56,1907,1.063841636077609
362,15,México,53,6680,1.0634428143712575
363,31,Yucatán,53,1714,1.0616948658109686
364,15,México,54,9508,1.0508598022717712
365,21,Puebla,54,4828,1.0455994200497098
366,03,Baja California Sur,54,943,1.0381474019088015
367,01,Aguascalientes,11,37,1.011783783783784
368,05,Coahuila de Zaragoza,46,39272,1.010616342432268
369,08,Chihuahua,46,44951,1.0079580876954903
370,28,Tamaulipas,11,870,1.0010310344827587
371,17,Morelos,52,416,1.0007235576923081
372,26,Sonora,46,35698,0.9832894559919323
373,27,Tabasco,46,29600,0.9804730067567569
374,05,Coahuila de Zaragoza,53,2166,0.9611814404432132
375,10,Durango,54,1228,0.9572369706840391
376,20,Oaxaca,61,1192,0.9513657718120803
377,11,Guanajuato,53,4130,0.9429297820823244
378,28,Tamaulipas,54,2381,0.939727425451491
379,28,Tamaulipas,52,1008,0.9313849206349207
380,11,Guanajuato,54,5179,0.9283116431743579
381,09,Distrito Federal,62,20142,0.9123219144077057
382,02,Baja California,72,13159,0.8991725055095372
383,21,Puebla,21,732,0.8963442622950816
384,07,Chiapas,56,3213,0.883461873638344
385,16,Michoacán de Ocampo,31-33,37608,0.8779275154222499
386,28,Tamaulipas,46,47132,0.8717835865229566
387,09,Distrito Federal,72,56050,0.8690252988403213
388,31,Yucatán,11,1264,0.8555411392405063
389,31,Yucatán,52,849,0.8402073027090697
390,21,Puebla,11,315,0.8314666666666672
391,26,Sonora,71,1009,0.8262854311199208
392,28,Tamaulipas,53,1877,0.8195013319126264
393,25,Sinaloa,71,1236,0.8095970873786407
394,10,Durango,11,40,0.802225
395,16,Michoacán de Ocampo,11,842,0.8020344418052259
396,31,Yucatán,31-33,26715,0.7928476511323224
397,22,Querétaro,46,33923,0.7822764790849868
398,07,Chiapas,11,766,0.7808211488250651
399,25,Sinaloa,46,40502,0.7759505703422049
400,29,Tlaxcala,61,620,0.7614322580645163
401,09,Distrito Federal,46,196185,0.7605749878940791
402,04,Campeche,11,1124,0.7311298932384344
403,18,Nayarit,53,1008,0.726467261904762
404,01,Aguascalientes,46,21197,0.7171692220597254
405,08,Chihuahua,71,1385,0.7165906137184115
406,06,Colima,46,12165,0.7135037402383886
407,06,Colima,11,321,0.7011277258566979
408,22,Querétaro,71,740,0.6980783783783782
409,30,Veracruz de Ignacio de la Llave,54,4720,0.6856209745762711
410,04,Campeche,46,14839,0.6840837657524093
411,30,Veracruz de Ignacio de la Llave,53,3145,0.6803907790143083
412,19,Nuevo León,72,19997,0.6748036205430814
413,20,Oaxaca,56,3042,0.6695795529257071
414,11,Guanajuato,71,2445,0.663319018404908
415,10,Durango,53,846,0.6632186761229314
416,06,Colima,53,674,0.6596498516320475
417,24,San Luis Potosí,53,1840,0.6566619565217392
418,10,Durango,46,23845,0.6399315579786116
419,14,Jalisco,46,145586,0.6350613589218743
420,04,Campeche,31-33,3851,0.6232144897429235
421,18,Nayarit,31-33,5436,0.6193546725533481
422,22,Querétaro,72,11439,0.6014421715184893
423,08,Chihuahua,62,5430,0.5898672191528546
424,17,Morelos,53,1142,0.5875691768826621
425,31,Yucatán,46,38225,0.5875409810333547
426,18,Nayarit,72,11545,0.5800027717626679
427,20,Oaxaca,54,2841,0.579627947905667
428,25,Sinaloa,72,14101,0.5717910786469045
429,08,Chihuahua,72,12791,0.5676483464936285
430,18,Nayarit,54,1066,0.5647514071294559
431,23,Quintana Roo,62,1802,0.562451165371809
432,05,Coahuila de Zaragoza,62,4562,0.5614769837790443
433,16,Michoacán de Ocampo,53,3194,0.5563841577958673
434,02,Baja California,62,7076,0.5532507066139062
435,17,Morelos,54,1772,0.5510135440180588
436,24,San Luis Potosí,46,41449,0.5442937344688654
437,18,Nayarit,46,21283,0.5383712352581873
438,14,Jalisco,62,14025,0.5347263458110515
439,15,México,71,6964,0.5282250143595633
440,26,Sonora,72,12110,0.5217137902559867
441,30,Veracruz de Ignacio de la Llave,46,122505,0.5185876005061019
442,22,Querétaro,62,4269,0.5148730381822443
443,21,Puebla,53,3638,0.5097740516767455
444,05,Coahuila de Zaragoza,72,11475,0.5096738126361656
445,24,San Luis Potosí,71,1055,0.5095601895734596
446,14,Jalisco,72,44452,0.5079707999640061
447,32,Zacatecas,54,1225,0.5013208163265306
448,29,Tlaxcala,54,907,0.49203858875413464
449,13,Hidalgo,71,1120,0.4914741071428571
450,11,Guanajuato,46,107516,0.4874005171323337
451,20,Oaxaca,31-33,52023,0.4838304788266723
452,18,Nayarit,11,1322,0.4786732223903176
453,04,Campeche,81,4520,0.47590398230088493
454,17,Morelos,71,1071,0.4716367880485527
455,16,Michoacán de Ocampo,54,4297,0.469793111473121
456,05,Coahuila de Zaragoza,71,1081,0.4581942645698427
457,13,Hidalgo,54,2289,0.45001397990388814
458,26,Sonora,62,5177,0.4456640911724937
459,28,Tamaulipas,72,14248,0.4455905390230208
460,15,México,46,314981,0.444674961346875
461,04,Campeche,72,5235,0.4393524355300862
462,06,Colima,71,337,0.4384243323442135
463,28,Tamaulipas,71,1299,0.4286674364896074
464,28,Tamaulipas,62,5330,0.42565103189493425
465,32,Zacatecas,46,26232,0.40630474229948166
466,03,Baja California Sur,62,1263,0.40450910530482964
467,12,Guerrero,54,1545,0.40204919093851127
468,06,Colima,62,1598,0.39410262828535675
469,16,Michoacán de Ocampo,46,97473,0.3875354508427975
470,17,Morelos,46,44009,0.3870797564134607
471,24,San Luis Potosí,62,4422,0.3861135232926277
472,19,Nuevo León,81,25796,0.38560959063420686
473,01,Aguascalientes,62,2898,0.3833875086266392
474,07,Chiapas,54,2750,0.38195709090909097
475,15,México,11,311,0.37688745980707394
476,06,Colima,72,6099,0.3734113789145761
477,21,Puebla,46,134900,0.36774275018532254
478,01,Aguascalientes,72,7929,0.3669672089796948
479,31,Yucatán,71,1455,0.3596790378006873
480,31,Yucatán,62,4153,0.3579913315675416
481,13,Hidalgo,46,54233,0.35431145243670814
482,21,Puebla,71,2900,0.34559137931034484
483,11,Guanajuato,72,29522,0.34449193821556806
484,31,Yucatán,72,15331,0.3440981671123866
485,09,Distrito Federal,81,61853,0.34368410586390336
486,12,Guerrero,72,20817,0.3365169332756882
487,10,Durango,71,602,0.33180398671096345
488,07,Chiapas,46,90327,0.3312836804056374
489,02,Baja California,81,19300,0.32772865284974095
490,15,México,62,20897,0.3256421974446093
491,18,Nayarit,71,647,0.3243446676970632
492,17,Morelos,62,3763,0.3163287270794579
493,24,San Luis Potosí,72,14163,0.31384946692085025
494,12,Guerrero,46,63756,0.3106530365769491
495,13,Hidalgo,53,1608,0.30623258706467654
496,27,Tabasco,72,11450,0.30341091703056766
497,30,Veracruz de Ignacio de la Llave,71,2773,0.30089325640100983
498,20,Oaxaca,46,87019,0.29260681000701017
499,22,Querétaro,81,11076,0.29229703864210904
500,15,México,72,71069,0.2909617132645738
501,30,Veracruz de Ignacio de la Llave,11,2321,0.2896204222317968
502,17,Morelos,72,14365,0.2723482074486599
503,11,Guanajuato,62,10620,0.27199623352165725
504,25,Sinaloa,62,5845,0.26925303678357565
505,10,Durango,62,2425,0.2670280412371134
506,23,Quintana Roo,81,7708,0.26331240269849504
507,27,Tabasco,62,2938,0.25998570456092573
508,05,Coahuila de Zaragoza,81,15551,0.25861507298566005
509,07,Chiapas,53,1851,0.25666936790923817
510,32,Zacatecas,72,7587,0.2559938051930936
511,20,Oaxaca,53,1554,0.25454504504504505
512,21,Puebla,72,34242,0.2532062671572921
513,10,Durango,72,8506,0.2516976252057371
514,18,Nayarit,62,2381,0.2515594288114238
515,29,Tlaxcala,46,33326,0.24950273060073214
516,13,Hidalgo,62,4237,0.24893745574699078
517,14,Jalisco,81,50210,0.2470024297948616
518,08,Chihuahua,81,19175,0.24088949152542377
519,26,Sonora,81,18321,0.23833125921074175
520,12,Guerrero,71,1278,0.23703599374021916
521,21,Puebla,62,9730,0.23451993833504625
522,27,Tabasco,71,771,0.23132036316472104
523,29,Tlaxcala,53,950,0.23003684210526315
524,30,Veracruz de Ignacio de la Llave,72,44053,0.22885887453748893
525,07,Chiapas,62,5712,0.2260763305322129
526,32,Zacatecas,53,1002,0.22596307385229536
527,16,Michoacán de Ocampo,72,29450,0.21805528013582343
528,28,Tamaulipas,81,21248,0.2174085090361446
529,13,Hidalgo,72,15081,0.2115729726145481
530,16,Michoacán de Ocampo,71,3071,0.21100488440247478
531,16,Michoacán de Ocampo,62,10597,0.21024563555723322
532,03,Baja California Sur,81,5174,0.2092309625048318
533,30,Veracruz de Ignacio de la Llave,62,10959,0.20249238069166897
534,04,Campeche,62,1230,0.20201707317073175
535,01,Aguascalientes,81,8173,0.20108528080264287
536,20,Oaxaca,72,32301,0.19913686882759052
537,24,San Luis Potosí,81,14291,0.1967155552445595
538,06,Colima,81,5472,0.19655537280701757
539,30,Veracruz de Ignacio de la Llave,81,40080,0.19326110279441117
540,25,Sinaloa,81,18850,0.19147050397877982
541,07,Chiapas,72,26834,0.18829734664977263
542,10,Durango,81,8873,0.18755088470641273
543,12,Guerrero,31-33,32469,0.18544334596076256
544,11,Guanajuato,81,32140,0.1824049471064094
545,12,Guerrero,62,3863,0.17799197514884804
546,27,Tabasco,81,11158,0.16633186951066498
547,32,Zacatecas,11,143,0.1658041958041958
548,32,Zacatecas,62,2927,0.16416979842842502
549,31,Yucatán,81,13332,0.16241914191419143
550,16,Michoacán de Ocampo,81,29656,0.16232556649581872
551,29,Tlaxcala,72,7048,0.16032534052213393
552,04,Campeche,71,397,0.15625440806045338
553,32,Zacatecas,71,784,0.15392474489795915
554,20,Oaxaca,62,6324,0.15157874762808346
555,15,México,81,89393,0.14230817849272315
556,29,Tlaxcala,62,2028,0.14008974358974358
557,20,Oaxaca,71,1507,0.13953218314532181
558,18,Nayarit,81,8766,0.13628872918092635
559,17,Morelos,81,13520,0.13183321005917162
560,27,Tabasco,11,3059,0.13181660673422685
561,21,Puebla,81,36606,0.1295859695131945
562,20,Oaxaca,11,3744,0.12838354700854698
563,13,Hidalgo,81,16643,0.12769362494742537
564,32,Zacatecas,81,8598,0.1251185159339381
565,12,Guerrero,11,1645,0.11949726443768999
566,12,Guerrero,81,15120,0.11778796296296296
567,13,Hidalgo,11,179,0.11010055865921786
568,24,San Luis Potosí,11,117,0.106974358974359
569,07,Chiapas,81,22402,0.10635630747254712
570,07,Chiapas,71,1834,0.10067829880043622
571,20,Oaxaca,81,20090,0.0980267297162768
572,29,Tlaxcala,81,8674,0.08643151948351395
573,29,Tlaxcala,71,768,0.07460026041666666
574,17,Morelos,11,322,0.07106521739130431
575,29,Tlaxcala,11,179,0.06641899441340784
576,07,Chiapas,31-33,22107,0.02981082914913813
577,20,Oaxaca,21,18,0.0
578,09,Distrito Federal,11,24,0.0
579,04,Campeche,22,11,0.0
580,04,Campeche,52,241,0.0
581,04,Campeche,55,1,0.0
582,06,Colima,22,9,0.0
583,06,Colima,55,1,0.0
584,29,Tlaxcala,55,1,0.0
585,29,Tlaxcala,21,11,0.0
586,01,Aguascalientes,55,1,0.0
587,02,Baja California,22,10,0.0
588,20,Oaxaca,55,1,0.0
589,16,Michoacán de Ocampo,21,128,0.0
590,16,Michoacán de Ocampo,55,2,0.0
591,18,Nayarit,21,29,0.0
592,18,Nayarit,22,38,0.0
593,18,Nayarit,55,2,0.0
594,01,Aguascalientes,22,13,0.0
595,02,Baja California,55,1,0.0
596,27,Tabasco,31-33,6979,-0.7114199742083391
597,19,Nuevo León,52,1575,-4.258206984126987
598,27,Tabasco,22,18,-6.678777777777777
599,23,Quintana Roo,55,3,-13.650000000000013
600,31,Yucatán,55,5,-14.542600000000002
601,09,Distrito Federal,52,1872,-80.11637660256412
602,09,Distrito Federal,21,29,-97.23206896551727
